create table EMPLOYEE_DETAILS2(emp_id varchar(10),
			emp_name varchar(20),
			Street varchar(30),
			City   varchar(20),
			salary integer,
			primary key(emp_id));

create table SERVICE_MANAGEMNT5(service_id varchar(10) ,
				emp_id varchar(10) ,
				customer_id varchar(10), 
				service_name varchar(20),
				primary key(service_id),
				foreign key (emp_id) references EMPLOYEE_DETAILS2(emp_id));

create table CUST_DETAILS2 (customer_id varchar(10),
			       customer_street varchar(20),
			       customer_city varchar(30),
			       phone_no varchar(20),
			       room_no varchar(10),
			       check_in date,
		              check_out date,
		              no_of_days integer,			     
			       primary key (customer_id));

create table SERVICE_CUST5(service_id varchar(20),
                          customer_id varchar(10),
                         foreign key (service_id) references SERVICE_MANAGEMNT5(service_id),
      			 foreign key (customer_id) references CUST_DETAILS2(customer_id));
 

 
insert into EMPLOYEE_DETAILS2 values('13001','Preethi','Gandhi','Hyderabad',10000);
insert into EMPLOYEE_DETAILS2 values('13002','Madhavi','Abdul Kalaam','Malaysia',20000);
insert into EMPLOYEE_DETAILS2 values('13003','Anusha','MG road','Kerala',40000);
insert into EMPLOYEE_DETAILS2 values('13004','Manoj','A road','Delhi',80000);
insert into EMPLOYEE_DETAILS2 values('13020','Har','B road','Delhi',80000);
insert into EMPLOYEE_DETAILS2 values('13006','Madhu','C road','Delhi',80000);
insert into EMPLOYEE_DETAILS2 values('13007','Amrutha','A road','Delhi',80000);
insert into EMPLOYEE_DETAILS2 values('13008','Bharath','O road','Delhi',80000);
insert into EMPLOYEE_DETAILS2 values('13009','Karthik','D road','Delhi',80000);
insert into EMPLOYEE_DETAILS2 values('13010','Pavani','E road','Delhi',80000);
insert into EMPLOYEE_DETAILS2 values('13011','Chandana','F road','Delhi',80000);
insert into EMPLOYEE_DETAILS2 values('13012','Athira','A road','Delhi',80000);
insert into EMPLOYEE_DETAILS2 values('13013','Anjali','A road','Delhi',80000);
insert into EMPLOYEE_DETAILS2 values('13014','Sakhi','A road','Delhi',80000);
insert into EMPLOYEE_DETAILS2 values('13015','Sattaluri','A road','Delhi',80000);
insert into EMPLOYEE_DETAILS2 values('13016','Manjula','T road','Delhi',80000);
insert into EMPLOYEE_DETAILS2 values('13017','Naren','Y road','Delhi',80000);
insert into EMPLOYEE_DETAILS2 values('13018','Ciara','U road','Delhi',80000);
insert into EMPLOYEE_DETAILS2 values('13019','Manu','I road','Delhi',80000);
insert into EMPLOYEE_DETAILS2 values('13021','B','I road','Delhi',80000);
insert into EMPLOYEE_DETAILS2 values('13022','C','I road','Delhi',80000);
insert into EMPLOYEE_DETAILS2 values('13023','Manu','I road','Delhi',80000);
insert into EMPLOYEE_DETAILS2 values('13024','Manu','I road','Delhi',80000);
insert into EMPLOYEE_DETAILS2 values('13025','Manu','I road','Delhi',80000);
insert into EMPLOYEE_DETAILS2 values('13026','Manu','I road','Delhi',80000);
insert into EMPLOYEE_DETAILS2 values('13027','Manu','I road','Delhi',80000);
insert into EMPLOYEE_DETAILS2 values('13028','Manu','I road','Delhi',80000);
insert into EMPLOYEE_DETAILS2 values('13029','Manu','I road','Delhi',80000);
insert into EMPLOYEE_DETAILS2 values('13030','Manu','I road','Delhi',80000);
insert into EMPLOYEE_DETAILS2 values('13031','Manu','I road','Delhi',80000);
insert into EMPLOYEE_DETAILS2 values('13032','Manu','I road','Delhi',80000);
insert into EMPLOYEE_DETAILS2 values('13033','Manu','I road','Delhi',80000);
insert into EMPLOYEE_DETAILS2 values('13034','Manu','I road','Delhi',80000);
insert into EMPLOYEE_DETAILS2 values('13035','Manu','I road','Delhi',80000);
insert into EMPLOYEE_DETAILS2 values('13036','Manu','I road','Delhi',80000);
insert into EMPLOYEE_DETAILS2 values('13037','Manu','I road','Delhi',80000);
insert into EMPLOYEE_DETAILS2 values('13038','Manu','I road','Delhi',80000);
insert into EMPLOYEE_DETAILS2 values('13039','Manu','I road','Delhi',80000);
insert into EMPLOYEE_DETAILS2 values('13040','Manu','I road','Delhi',80000);
insert into EMPLOYEE_DETAILS2 values('13041','Manu','I road','Delhi',80000);
insert into EMPLOYEE_DETAILS2 values('13042','Manu','I road','Delhi',80000);
insert into EMPLOYEE_DETAILS2 values('13043','Manu','I road','Delhi',80000);
insert into EMPLOYEE_DETAILS2 values('13044','Manu','I road','Delhi',80000);
insert into EMPLOYEE_DETAILS2 values('13045','Manu','I road','Delhi',80000);
insert into EMPLOYEE_DETAILS2 values('13046','Manu','I road','Delhi',80000);
insert into EMPLOYEE_DETAILS2 values('13047','Manu','I road','Delhi',80000);
insert into EMPLOYEE_DETAILS2 values('13048','Manu','I road','Delhi',80000);
insert into EMPLOYEE_DETAILS2 values('13049','Manu','I road','Delhi',80000);
insert into EMPLOYEE_DETAILS2 values('13050','Manu','I road','Delhi',80000);
insert into EMPLOYEE_DETAILS2 values('13051','Manu','I road','Delhi',80000);
insert into EMPLOYEE_DETAILS2 values('13052','Manu','I road','Delhi',80000);
insert into EMPLOYEE_DETAILS2 values('13053','Manu','I road','Delhi',80000);
insert into EMPLOYEE_DETAILS2 values('13054','Manu','I road','Delhi',80000);
insert into EMPLOYEE_DETAILS2 values('13055','Manu','I road','Delhi',80000);
insert into EMPLOYEE_DETAILS2 values('13056','Manu','I road','Delhi',80000);
insert into EMPLOYEE_DETAILS2 values('13057','Manu','I road','Delhi',80000);
insert into EMPLOYEE_DETAILS2 values('13058','Manu','I road','Delhi',80000);
insert into EMPLOYEE_DETAILS2 values('13059','Manu','I road','Delhi',80000);
insert into EMPLOYEE_DETAILS2 values('13061','Manu','I road','Delhi',80000);
insert into EMPLOYEE_DETAILS2 values('13062','Manu','I road','Delhi',80000);
insert into EMPLOYEE_DETAILS2 values('13063','Manu','I road','Delhi',80000);
insert into EMPLOYEE_DETAILS2 values('13064','Manu','I road','Delhi',80000);
insert into EMPLOYEE_DETAILS2 values('13065','Manu','I road','Delhi',80000);
insert into EMPLOYEE_DETAILS2 values('13066','Manu','I road','Delhi',80000);
insert into EMPLOYEE_DETAILS2 values('13067','Manu','I road','Delhi',80000);
insert into EMPLOYEE_DETAILS2 values('13068','Manu','I road','Delhi',80000);
insert into EMPLOYEE_DETAILS2 values('13069','Manu','I road','Delhi',80000);
insert into EMPLOYEE_DETAILS2 values('13070','Manu','I road','Delhi',80000);
insert into EMPLOYEE_DETAILS2 values('13071','Manu','I road','Delhi',80000);
insert into EMPLOYEE_DETAILS2 values('13072','Manu','I road','Delhi',80000);
insert into EMPLOYEE_DETAILS2 values('13073','Manu','I road','Delhi',80000);
insert into EMPLOYEE_DETAILS2 values('13074','Manu','I road','Delhi',80000);
insert into EMPLOYEE_DETAILS2 values('13075','Manu','I road','Delhi',80000);
insert into EMPLOYEE_DETAILS2 values('13076','Manu','I road','Delhi',80000);
insert into EMPLOYEE_DETAILS2 values('13077','Manu','I road','Delhi',80000);
insert into EMPLOYEE_DETAILS2 values('13078','Manu','I road','Delhi',80000);
insert into EMPLOYEE_DETAILS2 values('13079','Manu','I road','Delhi',80000);
insert into EMPLOYEE_DETAILS2 values('13080','Manu','I road','Delhi',80000);
insert into EMPLOYEE_DETAILS2 values('13081','Manu','I road','Delhi',80000);
insert into EMPLOYEE_DETAILS2 values('13082','Manu','I road','Delhi',80000);
insert into EMPLOYEE_DETAILS2 values('13083','Manu','I road','Delhi',80000);
insert into EMPLOYEE_DETAILS2 values('13084','Manu','I road','Delhi',80000);
insert into EMPLOYEE_DETAILS2 values('13085','Manu','I road','Delhi',80000);
insert into EMPLOYEE_DETAILS2 values('13086','Manu','I road','Delhi',80000);
insert into EMPLOYEE_DETAILS2 values('13087','Manu','I road','Delhi',80000);
insert into EMPLOYEE_DETAILS2 values('13088','Manu','I road','Delhi',80000);
insert into EMPLOYEE_DETAILS2 values('13089','Manu','I road','Delhi',80000);
insert into EMPLOYEE_DETAILS2 values('13090','Manu','I road','Delhi',80000);
insert into EMPLOYEE_DETAILS2 values('13091','Manu','I road','Delhi',80000);
insert into EMPLOYEE_DETAILS2 values('13092','Manu','I road','Delhi',80000);
insert into EMPLOYEE_DETAILS2 values('13093','Manu','I road','Delhi',80000);
insert into EMPLOYEE_DETAILS2 values('13094','Manu','I road','Delhi',80000);
insert into EMPLOYEE_DETAILS2 values('13095','Manu','I road','Delhi',80000);
insert into EMPLOYEE_DETAILS2 values('13096','Manu','I road','Delhi',80000);
insert into EMPLOYEE_DETAILS2 values('13097','Manu','I road','Delhi',80000);
insert into EMPLOYEE_DETAILS2 values('13098','Manu','I road','Delhi',80000);
insert into EMPLOYEE_DETAILS2 values('13099','Manu','I road','Delhi',80000);
insert into EMPLOYEE_DETAILS2 values('13100','Manu','I road','Delhi',80000);
insert into EMPLOYEE_DETAILS2 values('13101','Manu','I road','Delhi',80000);
insert into EMPLOYEE_DETAILS2 values('13102','Manu','I road','Delhi',80000);
insert into EMPLOYEE_DETAILS2 values('13103','Manu','I road','Delhi',80000);
insert into EMPLOYEE_DETAILS2 values('13104','Manu','I road','Delhi',80000);
insert into EMPLOYEE_DETAILS2 values('13105','Manu','I road','Delhi',80000);
insert into EMPLOYEE_DETAILS2 values('13106','Manu','I road','Delhi',80000);
insert into EMPLOYEE_DETAILS2 values('13107','Manu','I road','Delhi',80000);
insert into EMPLOYEE_DETAILS2 values('13108','Manu','I road','Delhi',80000);
insert into EMPLOYEE_DETAILS2 values('13109','Manu','I road','Delhi',80000);
insert into EMPLOYEE_DETAILS2 values('13110','Manu','I road','Delhi',80000);
insert into EMPLOYEE_DETAILS2 values('13111','Manu','I road','Delhi',80000);
insert into EMPLOYEE_DETAILS2 values('13112','Manu','I road','Delhi',80000);
insert into EMPLOYEE_DETAILS2 values('13113','Manu','I road','Delhi',80000);
insert into EMPLOYEE_DETAILS2 values('13114','Manu','I road','Delhi',80000);
insert into EMPLOYEE_DETAILS2 values('13115','Manu','I road','Delhi',80000);
insert into EMPLOYEE_DETAILS2 values('13116','Manu','I road','Delhi',80000);
insert into EMPLOYEE_DETAILS2 values('13117','Manu','I road','Delhi',80000);
insert into EMPLOYEE_DETAILS2 values('13118','Manu','I road','Delhi',80000);
insert into EMPLOYEE_DETAILS2 values('13119','Manu','I road','Delhi',80000);
insert into EMPLOYEE_DETAILS2 values('13120','Manu','I road','Delhi',80000);
insert into EMPLOYEE_DETAILS2 values('13121','Manu','I road','Delhi',80000);
insert into EMPLOYEE_DETAILS2 values('13122','Manu','I road','Delhi',80000);
insert into EMPLOYEE_DETAILS2 values('13123','Manu','I road','Delhi',80000);
insert into EMPLOYEE_DETAILS2 values('13124','Manu','I road','Delhi',80000);
insert into EMPLOYEE_DETAILS2 values('13125','Manu','I road','Delhi',80000);
insert into EMPLOYEE_DETAILS2 values('13126','Manu','I road','Delhi',80000);
insert into EMPLOYEE_DETAILS2 values('13127','Manu','I road','Delhi',80000);
insert into EMPLOYEE_DETAILS2 values('13128','Manu','I road','Delhi',80000);
insert into EMPLOYEE_DETAILS2 values('13129','Manu','I road','Delhi',80000);
insert into EMPLOYEE_DETAILS2 values('13130','Manu','I road','Delhi',80000);
insert into EMPLOYEE_DETAILS2 values('13131','Manu','I road','Delhi',80000);
insert into EMPLOYEE_DETAILS2 values('13132','Manu','I road','Delhi',80000);
insert into EMPLOYEE_DETAILS2 values('13133','Manu','I road','Delhi',80000);
insert into EMPLOYEE_DETAILS2 values('13134','Manu','I road','Delhi',80000);
insert into EMPLOYEE_DETAILS2 values('13135','Manu','I road','Delhi',80000);
insert into EMPLOYEE_DETAILS2 values('13136','Manu','I road','Delhi',80000);
insert into EMPLOYEE_DETAILS2 values('13137','Manu','I road','Delhi',80000);
insert into EMPLOYEE_DETAILS2 values('13138','Manu','I road','Delhi',80000);
insert into EMPLOYEE_DETAILS2 values('13139','Manu','I road','Delhi',80000);
insert into EMPLOYEE_DETAILS2 values('13140','Manu','I road','Delhi',80000);
insert into EMPLOYEE_DETAILS2 values('13141','Manu','I road','Delhi',80000);
insert into EMPLOYEE_DETAILS2 values('13142','Manu','I road','Delhi',80000);
insert into EMPLOYEE_DETAILS2 values('13143','Manu','I road','Delhi',80000);
insert into EMPLOYEE_DETAILS2 values('13144','Manu','I road','Delhi',80000);
insert into EMPLOYEE_DETAILS2 values('13145','Manu','I road','Delhi',80000);
insert into EMPLOYEE_DETAILS2 values('13146','Manu','I road','Delhi',80000);
insert into EMPLOYEE_DETAILS2 values('13147','Manu','I road','Delhi',80000);
insert into EMPLOYEE_DETAILS2 values('13148','Manu','I road','Delhi',80000);
insert into EMPLOYEE_DETAILS2 values('13149','Manu','I road','Delhi',80000);
insert into EMPLOYEE_DETAILS2 values('13150','Manu','I road','Delhi',80000);
insert into EMPLOYEE_DETAILS2 values('13151','Manu','I road','Delhi',80000);
insert into EMPLOYEE_DETAILS2 values('13152','Manu','I road','Delhi',80000);
insert into EMPLOYEE_DETAILS2 values('13153','Manu','I road','Delhi',80000);
insert into EMPLOYEE_DETAILS2 values('13154','Manu','I road','Delhi',80000);
insert into EMPLOYEE_DETAILS2 values('13155','Manu','I road','Delhi',80000);
insert into EMPLOYEE_DETAILS2 values('13156','Manu','I road','Delhi',80000);
insert into EMPLOYEE_DETAILS2 values('13157','Manu','I road','Delhi',80000);
insert into EMPLOYEE_DETAILS2 values('13158','Manu','I road','Delhi',80000);
insert into EMPLOYEE_DETAILS2 values('13159','Manu','I road','Delhi',80000);
insert into EMPLOYEE_DETAILS2 values('13160','Manu','I road','Delhi',80000);
insert into EMPLOYEE_DETAILS2 values('13161','Manu','I road','Delhi',80000);
insert into EMPLOYEE_DETAILS2 values('13162','Manu','I road','Delhi',80000);
insert into EMPLOYEE_DETAILS2 values('13163','Manu','I road','Delhi',80000);
insert into EMPLOYEE_DETAILS2 values('13164','Manu','I road','Delhi',80000);
insert into EMPLOYEE_DETAILS2 values('13165','Manu','I road','Delhi',80000);
insert into EMPLOYEE_DETAILS2 values('13166','Manu','I road','Delhi',80000);
insert into EMPLOYEE_DETAILS2 values('13167','Manu','I road','Delhi',80000);
insert into EMPLOYEE_DETAILS2 values('13168','Manu','I road','Delhi',80000);
insert into EMPLOYEE_DETAILS2 values('13169','Manu','I road','Delhi',80000);
insert into EMPLOYEE_DETAILS2 values('13170','Manu','I road','Delhi',80000);
insert into EMPLOYEE_DETAILS2 values('13171','Manu','I road','Delhi',80000);
insert into EMPLOYEE_DETAILS2 values('13172','Manu','I road','Delhi',80000);
insert into EMPLOYEE_DETAILS2 values('13173','Manu','I road','Delhi',80000);
insert into EMPLOYEE_DETAILS2 values('13174','Manu','I road','Delhi',80000);
insert into EMPLOYEE_DETAILS2 values('13175','Manu','I road','Delhi',80000);
insert into EMPLOYEE_DETAILS2 values('13176','Manu','I road','Delhi',80000);
insert into EMPLOYEE_DETAILS2 values('13177','Manu','I road','Delhi',80000);
insert into EMPLOYEE_DETAILS2 values('13178','Manu','I road','Delhi',80000);
insert into EMPLOYEE_DETAILS2 values('13179','Manu','I road','Delhi',80000);
insert into EMPLOYEE_DETAILS2 values('13180','Manu','I road','Delhi',80000);
insert into EMPLOYEE_DETAILS2 values('13181','Manu','I road','Delhi',80000);
insert into EMPLOYEE_DETAILS2 values('13182','Manu','I road','Delhi',80000);
insert into EMPLOYEE_DETAILS2 values('13183','Manu','I road','Delhi',80000);
insert into EMPLOYEE_DETAILS2 values('13184','Manu','I road','Delhi',80000);
insert into EMPLOYEE_DETAILS2 values('13185','Manu','I road','Delhi',80000);
insert into EMPLOYEE_DETAILS2 values('13186','Manu','I road','Delhi',80000);
insert into EMPLOYEE_DETAILS2 values('13187','Manu','I road','Delhi',80000);
insert into EMPLOYEE_DETAILS2 values('13188','Manu','I road','Delhi',80000);
insert into EMPLOYEE_DETAILS2 values('13189','Manu','I road','Delhi',80000);
insert into EMPLOYEE_DETAILS2 values('13190','Manu','I road','Delhi',80000);
insert into EMPLOYEE_DETAILS2 values('13191','Manu','I road','Delhi',80000);
insert into EMPLOYEE_DETAILS2 values('13192','Manu','I road','Delhi',80000);
insert into EMPLOYEE_DETAILS2 values('13193','Manu','I road','Delhi',80000);
insert into EMPLOYEE_DETAILS2 values('13194','Manu','I road','Delhi',80000);
insert into EMPLOYEE_DETAILS2 values('13195','Manu','I road','Delhi',80000);
insert into EMPLOYEE_DETAILS2 values('13196','Manu','I road','Delhi',80000);
insert into EMPLOYEE_DETAILS2 values('13197','Manu','I road','Delhi',80000);
insert into EMPLOYEE_DETAILS2 values('13198','Manu','I road','Delhi',80000);
insert into EMPLOYEE_DETAILS2 values('13199','Manu','I road','Delhi',80000);
insert into EMPLOYEE_DETAILS2 values('13200','Manu','I road','Delhi',80000);
insert into EMPLOYEE_DETAILS2 values('13201','Manu','I road','Delhi',80000);
insert into EMPLOYEE_DETAILS2 values('13202','Manu','I road','Delhi',80000);
insert into EMPLOYEE_DETAILS2 values('13203','Manu','I road','Delhi',80000);
insert into EMPLOYEE_DETAILS2 values('13204','Manu','I road','Delhi',80000);
insert into EMPLOYEE_DETAILS2 values('13205','Manu','I road','Delhi',80000);
insert into EMPLOYEE_DETAILS2 values('13206','Manu','I road','Delhi',80000);
insert into EMPLOYEE_DETAILS2 values('13207','Manu','I road','Delhi',80000);
insert into EMPLOYEE_DETAILS2 values('13208','Manu','I road','Delhi',80000);
insert into EMPLOYEE_DETAILS2 values('13209','Manu','I road','Delhi',80000);
insert into EMPLOYEE_DETAILS2 values('13210','Manu','I road','Delhi',80000);
insert into EMPLOYEE_DETAILS2 values('13211','Manu','I road','Delhi',80000);
insert into EMPLOYEE_DETAILS2 values('13212','Manu','I road','Delhi',80000);
insert into EMPLOYEE_DETAILS2 values('13213','Manu','I road','Delhi',80000);
insert into EMPLOYEE_DETAILS2 values('13214','Manu','I road','Delhi',80000);
insert into EMPLOYEE_DETAILS2 values('13215','Manu','I road','Delhi',80000);
insert into EMPLOYEE_DETAILS2 values('13216','Manu','I road','Delhi',80000);
insert into EMPLOYEE_DETAILS2 values('13217','Manu','I road','Delhi',80000);
insert into EMPLOYEE_DETAILS2 values('13218','Manu','I road','Delhi',80000);
insert into EMPLOYEE_DETAILS2 values('13219','Manu','I road','Delhi',80000);
insert into EMPLOYEE_DETAILS2 values('13220','Manu','I road','Delhi',80000);
insert into EMPLOYEE_DETAILS2 values('13060','Manu','I road','Delhi',80000);

insert into SERVICE_MANAGEMNT5 values('S400','13016','16','Swimming');
insert into SERVICE_MANAGEMNT5 values('S401','13017','17','Swimming');
insert into SERVICE_MANAGEMNT5 values('S402','13018','17','Swimming');
insert into SERVICE_MANAGEMNT5 values('S403','13019','18','Swimming');
insert into SERVICE_MANAGEMNT5 values('S404','13020','19','Swimming');
insert into SERVICE_MANAGEMNT5 values('S405','13021','20','Swimming');
insert into SERVICE_MANAGEMNT5 values('S406','13022','21','Swimming');
insert into SERVICE_MANAGEMNT5 values('S407','13023','22','Swimming');
insert into SERVICE_MANAGEMNT5 values('S408','13024','23','Swimming');
insert into SERVICE_MANAGEMNT5 values('S409','13025','24','Swimming');
insert into SERVICE_MANAGEMNT5 values('S410','13026','25','Swimming');
insert into SERVICE_MANAGEMNT5 values('S411','13027','26','Swimming');
insert into SERVICE_MANAGEMNT5 values('S412','13028','27','Swimming');
insert into SERVICE_MANAGEMNT5 values('S413','13029','28','Swimming');
insert into SERVICE_MANAGEMNT5 values('S414','13030','29','Swimming');
insert into SERVICE_MANAGEMNT5 values('S415','13031','30','Swimming');
insert into SERVICE_MANAGEMNT5 values('S416','13032','31','Swimming');
insert into SERVICE_MANAGEMNT5 values('S417','13033','32','Swimming');
insert into SERVICE_MANAGEMNT5 values('S418','13034','33','Swimming');
insert into SERVICE_MANAGEMNT5 values('S419','13035','34','Swimming');
insert into SERVICE_MANAGEMNT5 values('S420','13036','35','Swimming');
insert into SERVICE_MANAGEMNT5 values('S421','13037','36','Swimming');
insert into SERVICE_MANAGEMNT5 values('S422','13038','37','Swimming');
insert into SERVICE_MANAGEMNT5 values('S423','13039','38','Swimming');
insert into SERVICE_MANAGEMNT5 values('S424','13040','39','Swimming');
insert into SERVICE_MANAGEMNT5 values('S425','13041','40','Swimming');
insert into SERVICE_MANAGEMNT5 values('S426','13042','41','Swimming');
insert into SERVICE_MANAGEMNT5 values('S427','13043','42','Swimming');
insert into SERVICE_MANAGEMNT5 values('S428','13044','43','Swimming');
insert into SERVICE_MANAGEMNT5 values('S429','13045','44','Swimming');
insert into SERVICE_MANAGEMNT5 values('S430','13046','45','Swimming');
insert into SERVICE_MANAGEMNT5 values('S431','13047','47','Swimming');
insert into SERVICE_MANAGEMNT5 values('S432','13048','48','Swimming');
insert into SERVICE_MANAGEMNT5 values('S433','13049','49','Swimming');
insert into SERVICE_MANAGEMNT5 values('S434','13050','50','Swimming');
insert into SERVICE_MANAGEMNT5 values('S435','13051','51','Swimming');
insert into SERVICE_MANAGEMNT5 values('S436','13052','52','Swimming');
insert into SERVICE_MANAGEMNT5 values('S437','13053','53','Swimming');
insert into SERVICE_MANAGEMNT5 values('S438','13054','54','Swimming');
insert into SERVICE_MANAGEMNT5 values('S439','13055','55','Swimming');
insert into SERVICE_MANAGEMNT5 values('S440','13056','56','Swimming');
insert into SERVICE_MANAGEMNT5 values('S441','13057','57','Swimming');
insert into SERVICE_MANAGEMNT5 values('S442','13058','58','Swimming');
insert into SERVICE_MANAGEMNT5 values('S443','13060','59','Swimming');
insert into SERVICE_MANAGEMNT5 values('S444','13061','60','Swimming');
insert into SERVICE_MANAGEMNT5 values('S445','13062','61','Swimming');
insert into SERVICE_MANAGEMNT5 values('S446','13063','62','Swimming');
insert into SERVICE_MANAGEMNT5 values('S447','13064','63','Swimming');
insert into SERVICE_MANAGEMNT5 values('S448','13065','64','Swimming');
insert into SERVICE_MANAGEMNT5 values('S449','13066','65','Swimming');
insert into SERVICE_MANAGEMNT5 values('S450','13067','66','Swimming');
insert into SERVICE_MANAGEMNT5 values('S451','13068','67','Swimming');
insert into SERVICE_MANAGEMNT5 values('S452','13069','68','Swimming');
insert into SERVICE_MANAGEMNT5 values('S453','13070','69','Swimming');
insert into SERVICE_MANAGEMNT5 values('S455','13072','71','Swimming');
insert into SERVICE_MANAGEMNT5 values('S456','13073','72','Swimming');
insert into SERVICE_MANAGEMNT5 values('S457','13074','73','Swimming');
insert into SERVICE_MANAGEMNT5 values('S458','13075','74','Swimming');
insert into SERVICE_MANAGEMNT5 values('S459','13076','75','Swimming');
insert into SERVICE_MANAGEMNT5 values('S460','13077','76','Swimming');
insert into SERVICE_MANAGEMNT5 values('S461','13078','77','Swimming');
insert into SERVICE_MANAGEMNT5 values('S462','13079','78','Swimming');
insert into SERVICE_MANAGEMNT5 values('S463','13080','79','Swimming');
insert into SERVICE_MANAGEMNT5 values('S464','13081','80','Swimming');
insert into SERVICE_MANAGEMNT5 values('S465','13082','81','Swimming');
insert into SERVICE_MANAGEMNT5 values('S466','13083','82','Swimming');
insert into SERVICE_MANAGEMNT5 values('S467','13084','83','Swimming');
insert into SERVICE_MANAGEMNT5 values('S468','13085','84','Swimming');
insert into SERVICE_MANAGEMNT5 values('S469','13086','85','Swimming');
insert into SERVICE_MANAGEMNT5 values('S470','13087','86','Swimming');
insert into SERVICE_MANAGEMNT5 values('S471','13088','87','Swimming');
insert into SERVICE_MANAGEMNT5 values('S472','13089','88','Swimming');
insert into SERVICE_MANAGEMNT5 values('S473','13090','89','Swimming');
insert into SERVICE_MANAGEMNT5 values('S474','13091','90','Swimming');
insert into SERVICE_MANAGEMNT5 values('S475','13092','91','Swimming');
insert into SERVICE_MANAGEMNT5 values('S476','13093','92','Swimming');
insert into SERVICE_MANAGEMNT5 values('S477','13094','93','Swimming');
insert into SERVICE_MANAGEMNT5 values('S478','13095','94','Swimming');
insert into SERVICE_MANAGEMNT5 values('S479','13096','95','Swimming');
insert into SERVICE_MANAGEMNT5 values('S480','13097','96','Swimming');
insert into SERVICE_MANAGEMNT5 values('S481','13098','97','Swimming');
insert into SERVICE_MANAGEMNT5 values('S482','13099','98','Swimming');
insert into SERVICE_MANAGEMNT5 values('S483','13100','99','Swimming');
insert into SERVICE_MANAGEMNT5 values('S484','13101','100','Swimming');
insert into SERVICE_MANAGEMNT5 values('S485','13111','101','Swimming');
insert into SERVICE_MANAGEMNT5 values('S486','13112','102','Swimming');
insert into SERVICE_MANAGEMNT5 values('S487','13113','103','Swimming');
insert into SERVICE_MANAGEMNT5 values('S488','13114','104','Swimming');
insert into SERVICE_MANAGEMNT5 values('S489','13115','105','Swimming');
insert into SERVICE_MANAGEMNT5 values('S490','13116','106','Swimming');
insert into SERVICE_MANAGEMNT5 values('S491','13117','107','Swimming');
insert into SERVICE_MANAGEMNT5 values('S492','13118','108','Swimming');
insert into SERVICE_MANAGEMNT5 values('S493','13119','109','Swimming');
insert into SERVICE_MANAGEMNT5 values('S494','13120','110','Swimming');
insert into SERVICE_MANAGEMNT5 values('S495','13121','111','Swimming');
insert into SERVICE_MANAGEMNT5 values('S496','13122','112','Swimming');
insert into SERVICE_MANAGEMNT5 values('S497','13123','113','Swimming');
insert into SERVICE_MANAGEMNT5 values('S498','13124','114','Swimming');
insert into SERVICE_MANAGEMNT5 values('S499','13125','115','Swimming');
insert into SERVICE_MANAGEMNT5 values('S500','13126','116','Swimming');
insert into SERVICE_MANAGEMNT5 values('S501','13127','117','Swimming');
insert into SERVICE_MANAGEMNT5 values('S502','13128','118','Swimming');
insert into SERVICE_MANAGEMNT5 values('S503','13129','119','Swimming');
insert into SERVICE_MANAGEMNT5 values('S504','13130','120','Swimming');
insert into SERVICE_MANAGEMNT5 values('S505','13131','121','Swimming');
insert into SERVICE_MANAGEMNT5 values('S506','13132','122','Swimming');
insert into SERVICE_MANAGEMNT5 values('S507','13133','123','Swimming');
insert into SERVICE_MANAGEMNT5 values('S508','13134','124','Swimming');
insert into SERVICE_MANAGEMNT5 values('S509','13135','125','Swimming');
insert into SERVICE_MANAGEMNT5 values('S510','13136','126','Swimming');
insert into SERVICE_MANAGEMNT5 values('S511','13137','127','Swimming');
insert into SERVICE_MANAGEMNT5 values('S512','13138','128','Swimming');
insert into SERVICE_MANAGEMNT5 values('S513','13139','129','Swimming');
insert into SERVICE_MANAGEMNT5 values('S514','13140','130','Swimming');
insert into SERVICE_MANAGEMNT5 values('S515','13141','131','Swimming');
insert into SERVICE_MANAGEMNT5 values('S516','13142','132','Swimming');
insert into SERVICE_MANAGEMNT5 values('S517','13143','133','Swimming');
insert into SERVICE_MANAGEMNT5 values('S518','13144','134','Swimming');
insert into SERVICE_MANAGEMNT5 values('S519','13145','135','Swimming');
insert into SERVICE_MANAGEMNT5 values('S520','13146','136','Swimming');
insert into SERVICE_MANAGEMNT5 values('S521','13147','137','Swimming');
insert into SERVICE_MANAGEMNT5 values('S522','13148','138','Swimming');
insert into SERVICE_MANAGEMNT5 values('S523','13149','139','Swimming');
insert into SERVICE_MANAGEMNT5 values('S524','13150','140','Swimming');
insert into SERVICE_MANAGEMNT5 values('S525','13151','141','Swimming');
insert into SERVICE_MANAGEMNT5 values('S526','13152','142','Swimming');
insert into SERVICE_MANAGEMNT5 values('S527','13153','143','Swimming');
insert into SERVICE_MANAGEMNT5 values('S528','13154','144','Swimming');
insert into SERVICE_MANAGEMNT5 values('S529','13155','145','Swimming');
insert into SERVICE_MANAGEMNT5 values('S530','13156','146','Swimming');
insert into SERVICE_MANAGEMNT5 values('S531','13157','147','Swimming');
insert into SERVICE_MANAGEMNT5 values('S532','13158','148','Swimming');
insert into SERVICE_MANAGEMNT5 values('S533','13159','149','Swimming');
insert into SERVICE_MANAGEMNT5 values('S534','13160','150','Swimming');
insert into SERVICE_MANAGEMNT5 values('S535','13161','151','Swimming');
insert into SERVICE_MANAGEMNT5 values('S536','13162','152','Swimming');
insert into SERVICE_MANAGEMNT5 values('S537','13163','153','Swimming');
insert into SERVICE_MANAGEMNT5 values('S538','13164','154','Swimming');
insert into SERVICE_MANAGEMNT5 values('S539','13165','155','Swimming');
insert into SERVICE_MANAGEMNT5 values('S540','13166','156','Swimming');
insert into SERVICE_MANAGEMNT5 values('S541','13167','157','Swimming');
insert into SERVICE_MANAGEMNT5 values('S542','13168','158','Swimming');
insert into SERVICE_MANAGEMNT5 values('S543','13169','159','Swimming');
insert into SERVICE_MANAGEMNT5 values('S544','13170','160','Swimming');
insert into SERVICE_MANAGEMNT5 values('S555','13171','161','Swimming');
insert into SERVICE_MANAGEMNT5 values('S546','13172','162','Swimming');
insert into SERVICE_MANAGEMNT5 values('S547','13173','163','Swimming');
insert into SERVICE_MANAGEMNT5 values('S548','13174','164','Swimming');
insert into SERVICE_MANAGEMNT5 values('S549','13175','165','Swimming');
insert into SERVICE_MANAGEMNT5 values('S550','13176','166','Swimming');
insert into SERVICE_MANAGEMNT5 values('S551','13177','167','Swimming');
insert into SERVICE_MANAGEMNT5 values('S552','13178','168','Swimming');
insert into SERVICE_MANAGEMNT5 values('S553','13179','169','Swimming');
insert into SERVICE_MANAGEMNT5 values('S554','13180','170','Swimming');
insert into SERVICE_MANAGEMNT5 values('S556','13181','171','Swimming');
insert into SERVICE_MANAGEMNT5 values('S557','13182','172','Swimming');
insert into SERVICE_MANAGEMNT5 values('S558','13183','173','Swimming');
insert into SERVICE_MANAGEMNT5 values('S559','13184','174','Swimming');
insert into SERVICE_MANAGEMNT5 values('S561','13185','175','Swimming');
insert into SERVICE_MANAGEMNT5 values('S562','13186','176','Swimming');
insert into SERVICE_MANAGEMNT5 values('S563','13187','177','Swimming');
insert into SERVICE_MANAGEMNT5 values('S564','13188','178','Swimming');
insert into SERVICE_MANAGEMNT5 values('S565','13189','179','Swimming');
insert into SERVICE_MANAGEMNT5 values('S566','13190','180','Swimming');
insert into SERVICE_MANAGEMNT5 values('S567','13191','181','Swimming');
insert into SERVICE_MANAGEMNT5 values('S568','13192','182','Swimming');
insert into SERVICE_MANAGEMNT5 values('S569','13193','183','Swimming');
insert into SERVICE_MANAGEMNT5 values('S570','13194','184','Swimming');
insert into SERVICE_MANAGEMNT5 values('S571','13195','185','Swimming');
insert into SERVICE_MANAGEMNT5 values('S572','13196','186','Swimming');
insert into SERVICE_MANAGEMNT5 values('S573','13197','187','Swimming');
insert into SERVICE_MANAGEMNT5 values('S574','13198','188','Swimming');
insert into SERVICE_MANAGEMNT5 values('S575','13199','189','Swimming');
insert into SERVICE_MANAGEMNT5 values('S576','13200','190','Swimming');
insert into SERVICE_MANAGEMNT5 values('S577','13201','191','Swimming');
insert into SERVICE_MANAGEMNT5 values('S578','13202','192','Swimming');
insert into SERVICE_MANAGEMNT5 values('S579','13203','193','Swimming');
insert into SERVICE_MANAGEMNT5 values('S580','13204','194','Swimming');
insert into SERVICE_MANAGEMNT5 values('S581','13205','195','Swimming');
insert into SERVICE_MANAGEMNT5 values('S582','13206','196','Swimming');
insert into SERVICE_MANAGEMNT5 values('S583','13207','197','Swimming');
insert into SERVICE_MANAGEMNT5 values('S584','13208','198','Swimming');
insert into SERVICE_MANAGEMNT5 values('S585','13209','199','Swimming');
insert into SERVICE_MANAGEMNT5 values('S586','13210','200','Swimming');
insert into SERVICE_MANAGEMNT5 values('S587','13211','201','Swimming');
insert into SERVICE_MANAGEMNT5 values('S588','13212','202','Swimming');
insert into SERVICE_MANAGEMNT5 values('S589','13213','203','Swimming');
insert into SERVICE_MANAGEMNT5 values('S590','13214','204','Swimming');
insert into SERVICE_MANAGEMNT5 values('S591','13215','205','Swimming');
insert into SERVICE_MANAGEMNT5 values('S592','13216','206','Swimming');
insert into SERVICE_MANAGEMNT5 values('S593','13217','207','Swimming');
insert into SERVICE_MANAGEMNT5 values('S594','13218','208','Swimming');
insert into SERVICE_MANAGEMNT5 values('S595','13219','209','Swimming');

insert into CUST_DETAILS2 values ('01','A road','Hyderabad','8096240044','01','19-dec-2015','1-dec-2015',2);
insert into CUST_DETAILS2 values ('02','MG road','Malaysia','9567922684','02','19-dec-2015','1-dec-2015',2);
insert into CUST_DETAILS2 values ('03','Gandhi','Delhi','9567892498','03','19-dec-2015','1-dec-2015',2);
insert into CUST_DETAILS2 values ('04','Abdul Kalaam','Bangalore','9848074375','04','19-dec-2015','1-dec-2015',2);
insert into CUST_DETAILS2 values ('45','A road','Hyderabad','8096240044','05','19-dec-2015','1-dec-2015',2);
insert into CUST_DETAILS2 values ('05','MG road','Malaysia','9567922684','06','19-dec-2015','1-dec-2015',2);
insert into CUST_DETAILS2 values ('06','Gandhi','Delhi','9567892498','07','19-dec-2015','1-dec-2015',2);
insert into CUST_DETAILS2 values ('07','Abdul Kalaam','Bangalore','9848074375','08','19-dec-2015','1-dec-2015',2);
insert into CUST_DETAILS2 values ('08','A road','Hyderabad','8096240044','09','19-dec-2015','1-dec-2015',2);
insert into CUST_DETAILS2 values ('09','MG road','Malaysia','9567922684','10','19-dec-2015','1-dec-2015',2);
insert into CUST_DETAILS2 values ('10','Gandhi','Delhi','9567892498','11','19-dec-2015','1-dec-2015',2);
insert into CUST_DETAILS2 values ('11','Abdul Kalaam','Bangalore','9848074375','12','19-dec-2015','1-dec-2015',2);
insert into CUST_DETAILS2 values ('12','A road','Hyderabad','8096240044','13','19-dec-2015','1-dec-2015',2);
insert into CUST_DETAILS2 values ('13','MG road','Malaysia','9567922684','14','19-dec-2015','1-dec-2015',2);
insert into CUST_DETAILS2 values ('14','Gandhi','Delhi','9567892498','15','19-dec-2015','1-dec-2015',2);
insert into CUST_DETAILS2 values ('15','Abdul Kalaam','Bangalore','9848074375','16','19-dec-2015','1-dec-2015',2);
insert into CUST_DETAILS2 values ('16','A road','Hyderabad','8096240044','17','19-dec-2015','1-dec-2015',2);
insert into CUST_DETAILS2 values ('17','MG road','Malaysia','9567922684','18','19-dec-2015','1-dec-2015',2);
insert into CUST_DETAILS2 values ('18','Gandhi','Delhi','9567892498','19','19-dec-2015','1-dec-2015',2);
insert into CUST_DETAILS2 values ('19','Abdul Kalaam','Bangalore','9848074375','20','19-dec-2015','1-dec-2015',2);
insert into CUST_DETAILS2 values ('21','A road','Hyderabad','8096240044','21','19-dec-2015','1-dec-2015',2);
insert into CUST_DETAILS2 values ('22','MG road','Malaysia','9567922684','22','19-dec-2015','1-dec-2015',2);
insert into CUST_DETAILS2 values ('23','Gandhi','Delhi','9567892498','23','19-dec-2015','1-dec-2015',2);
insert into CUST_DETAILS2 values ('24','Abdul Kalaam','Bangalore','9848074375','24','19-dec-2015','1-dec-2015',2);
insert into CUST_DETAILS2 values ('25','A road','Hyderabad','8096240044','25','19-dec-2015','1-dec-2015',2);
insert into CUST_DETAILS2 values ('26','MG road','Malaysia','9567922684','26','19-dec-2015','1-dec-2015',2);
insert into CUST_DETAILS2 values ('27','Gandhi','Delhi','9567892498','27','19-dec-2015','1-dec-2015',2);
insert into CUST_DETAILS2 values ('28','Abdul Kalaam','Bangalore','9848074375','28','19-dec-2015','1-dec-2015',2);
insert into CUST_DETAILS2 values ('29','A road','Hyderabad','8096240044','29','19-dec-2015','1-dec-2015',2);
insert into CUST_DETAILS2 values ('30','MG road','Malaysia','9567922684','30','19-dec-2015','1-dec-2015',2);
insert into CUST_DETAILS2 values ('31','Gandhi','Delhi','9567892498','31','19-dec-2015','1-dec-2015',2);
insert into CUST_DETAILS2 values ('32','Abdul Kalaam','Bangalore','9848074375','40','19-dec-2015','1-dec-2015',2);
insert into CUST_DETAILS2 values ('33','A road','Hyderabad','8096240044','41','19-dec-2015','1-dec-2015',2);
insert into CUST_DETAILS2 values ('34','MG road','Malaysia','9567922684','42','19-dec-2015','1-dec-2015',2);
insert into CUST_DETAILS2 values ('35','Gandhi','Delhi','9567892498','43','19-dec-2015','1-dec-2015',2);
insert into CUST_DETAILS2 values ('36','Abdul Kalaam','Bangalore','9848074375','44','19-dec-2015','1-dec-2015',2);
insert into CUST_DETAILS2 values ('37','A road','Hyderabad','8096240044','45','19-dec-2015','1-dec-2015',2);
insert into CUST_DETAILS2 values ('38','MG road','Malaysia','9567922684','46','19-dec-2015','1-dec-2015',2);
insert into CUST_DETAILS2 values ('39','Gandhi','Delhi','9567892498','47','19-dec-2015','1-dec-2015',2);
insert into CUST_DETAILS2 values ('40','Abdul Kalaam','Bangalore','9848074375','48','19-dec-2015','1-dec-2015',2);
insert into CUST_DETAILS2 values ('41','A road','Hyderabad','8096240044','49','19-dec-2015','1-dec-2015',2);
insert into CUST_DETAILS2 values ('42','MG road','Malaysia','9567922684','50','19-dec-2015','1-dec-2015',2);
insert into CUST_DETAILS2 values ('43','Gandhi','Delhi','9567892498','51','19-dec-2015','1-dec-2015',2);
insert into CUST_DETAILS2 values ('44','Abdul Kalaam','Bangalore','9848074375','52','19-dec-2015','1-dec-2015',2);
insert into CUST_DETAILS2 values ('20','A road','Hyderabad','8096240044','53','19-dec-2015','1-dec-2015',2);
insert into CUST_DETAILS2 values ('045','MG road','Malaysia','9567922684','54','19-dec-2015','1-dec-2015',2);
insert into CUST_DETAILS2 values ('46','Gandhi','Delhi','9567892498','55','19-dec-2015','1-dec-2015',2);
insert into CUST_DETAILS2 values ('47','Abdul Kalaam','Bangalore','9848074375','56','19-dec-2015','1-dec-2015',2);
insert into CUST_DETAILS2 values ('48','A road','Hyderabad','8096240044','57','19-dec-2015','1-dec-2015',2);
insert into CUST_DETAILS2 values ('49','MG road','Malaysia','9567922684','58','19-dec-2015','1-dec-2015',2);
insert into CUST_DETAILS2 values ('50','Gandhi','Delhi','9567892498','59','19-dec-2015','1-dec-2015',2);
insert into CUST_DETAILS2 values ('51','Abdul Kalaam','Bangalore','9848074375','60','19-dec-2015','1-dec-2015',2);
insert into CUST_DETAILS2 values ('52','A road','Hyderabad','8096240044','61','19-dec-2015','1-dec-2015',2);
insert into CUST_DETAILS2 values ('53','MG road','Malaysia','9567922684','62','19-dec-2015','1-dec-2015',2);
insert into CUST_DETAILS2 values ('54','Gandhi','Delhi','9567892498','64','19-dec-2015','1-dec-2015',2);
insert into CUST_DETAILS2 values ('55','Abdul Kalaam','Bangalore','9848074375','65','19-dec-2015','1-dec-2015',2);
insert into CUST_DETAILS2 values ('56','A road','Hyderabad','8096240044','66','19-dec-2015','1-dec-2015',2);
insert into CUST_DETAILS2 values ('57','MG road','Malaysia','9567922684','67','19-dec-2015','1-dec-2015',2);
insert into CUST_DETAILS2 values ('58','Gandhi','Delhi','9567892498','68','19-dec-2015','1-dec-2015',2);
insert into CUST_DETAILS2 values ('59','Abdul Kalaam','Bangalore','9848074375','69','19-dec-2015','1-dec-2015',2);
insert into CUST_DETAILS2 values ('60','A road','Hyderabad','8096240044','70','19-dec-2015','1-dec-2015',2);
insert into CUST_DETAILS2 values ('61','MG road','Malaysia','9567922684','71','19-dec-2015','1-dec-2015',2);
insert into CUST_DETAILS2 values ('62','Gandhi','Delhi','9567892498','73','19-dec-2015','1-dec-2015',2);
insert into CUST_DETAILS2 values ('67','Abdul Kalaam','Bangalore','9848074375','75','19-dec-2015','1-dec-2015',2);
insert into CUST_DETAILS2 values ('68','A road','Hyderabad','8096240044','76','19-dec-2015','1-dec-2015',2);
insert into CUST_DETAILS2 values ('69','MG road','Malaysia','9567922684','77','19-dec-2015','1-dec-2015',2);
insert into CUST_DETAILS2 values ('70','Gandhi','Delhi','9567892498','78','19-dec-2015','1-dec-2015',2);
insert into CUST_DETAILS2 values ('71','Abdul Kalaam','Bangalore','9848074375','79','19-dec-2015','1-dec-2015',2);
insert into CUST_DETAILS2 values ('72','A road','Hyderabad','8096240044','80','19-dec-2015','1-dec-2015',2);
insert into CUST_DETAILS2 values ('73','MG road','Malaysia','9567922684','81','19-dec-2015','1-dec-2015',2);
insert into CUST_DETAILS2 values ('74','Gandhi','Delhi','9567892498','82','19-dec-2015','1-dec-2015',2);
insert into CUST_DETAILS2 values ('75','Abdul Kalaam','Bangalore','9848074375','83','19-dec-2015','1-dec-2015',2);
insert into CUST_DETAILS2 values ('76','A road','Hyderabad','8096240044','84','19-dec-2015','1-dec-2015',2);
insert into CUST_DETAILS2 values ('77','MG road','Malaysia','9567922684','85','19-dec-2015','1-dec-2015',2);
insert into CUST_DETAILS2 values ('78','Gandhi','Delhi','9567892498','86','19-dec-2015','1-dec-2015',2);
insert into CUST_DETAILS2 values ('79','Abdul Kalaam','Bangalore','9848074375','87','19-dec-2015','1-dec-2015',2);
insert into CUST_DETAILS2 values ('80','A road','Hyderabad','8096240044','88','19-dec-2015','1-dec-2015',2);
insert into CUST_DETAILS2 values ('81','MG road','Malaysia','9567922684','89','19-dec-2015','1-dec-2015',2);
insert into CUST_DETAILS2 values ('82','Gandhi','Delhi','9567892498','90','19-dec-2015','1-dec-2015',2);
insert into CUST_DETAILS2 values ('83','Abdul Kalaam','Bangalore','9848074375','100','19-dec-2015','1-dec-2015',2);
insert into CUST_DETAILS2 values ('84','A road','Hyderabad','8096240044','101','19-dec-2015','1-dec-2015',2);
insert into CUST_DETAILS2 values ('85','MG road','Malaysia','9567922684','102','19-dec-2015','1-dec-2015',2);
insert into CUST_DETAILS2 values ('86','Gandhi','Delhi','9567892498','103','19-dec-2015','1-dec-2015',2);
insert into CUST_DETAILS2 values ('87','Abdul Kalaam','Bangalore','9848074375','104','19-dec-2015','1-dec-2015',2);
insert into CUST_DETAILS2 values ('88','A road','Hyderabad','8096240044','105','19-dec-2015','1-dec-2015',2);
insert into CUST_DETAILS2 values ('89','MG road','Malaysia','9567922684','106','19-dec-2015','1-dec-2015',2);
insert into CUST_DETAILS2 values ('90','Gandhi','Delhi','9567892498','107','19-dec-2015','1-dec-2015',2);
insert into CUST_DETAILS2 values ('91','Abdul Kalaam','Bangalore','9848074375','108','19-dec-2015','1-dec-2015',2);
insert into CUST_DETAILS2 values ('92','MG road','Malaysia','9567922684','109','19-dec-2015','1-dec-2015',2);
insert into CUST_DETAILS2 values ('93','Gandhi','Delhi','9567892498','110','19-dec-2015','1-dec-2015',2);
insert into CUST_DETAILS2 values ('94','Abdul Kalaam','Bangalore','9848074375','111','19-dec-2015','1-dec-2015',2);
insert into CUST_DETAILS2 values ('95','A road','Hyderabad','8096240044','112','19-dec-2015','1-dec-2015',2);
insert into CUST_DETAILS2 values ('96','MG road','Malaysia','9567922684','113','19-dec-2015','1-dec-2015',2);
insert into CUST_DETAILS2 values ('97','Gandhi','Delhi','9567892498','114','19-dec-2015','1-dec-2015',2);
insert into CUST_DETAILS2 values ('98','Abdul Kalaam','Bangalore','9848074375','115','19-dec-2015','1-dec-2015',2);
insert into CUST_DETAILS2 values ('99','A road','Hyderabad','8096240044','116','19-dec-2015','1-dec-2015',2);
insert into CUST_DETAILS2 values ('100','MG road','Malaysia','9567922684','117','19-dec-2015','1-dec-2015',2);
insert into CUST_DETAILS2 values ('101','A road','Hyderabad','8096240044','101','19-dec-2015','1-dec-2015',2);
insert into CUST_DETAILS2 values ('102','MG road','Malaysia','9567922684','102','19-dec-2015','1-dec-2015',2);
insert into CUST_DETAILS2 values ('103','Gandhi','Delhi','9567892498','103','19-dec-2015','1-dec-2015',2);
insert into CUST_DETAILS2 values ('104','Abdul Kalaam','Bangalore','9848074375','1704','19-dec-2015','1-dec-2015',2);
insert into CUST_DETAILS2 values ('1045','A road','Hyderabad','8096240044','1075','19-dec-2015','1-dec-2015',2);
insert into CUST_DETAILS2 values ('105','MG road','Malaysia','9567922684','1067','19-dec-2015','1-dec-2015',2);
insert into CUST_DETAILS2 values ('106','Gandhi','Delhi','9567892498','1076','19-dec-2015','1-dec-2015',2);
insert into CUST_DETAILS2 values ('107','Abdul Kalaam','Bangalore','9848074375','1086','19-dec-2015','1-dec-2015',2);
insert into CUST_DETAILS2 values ('108','A road','Hyderabad','8096240044','1096','19-dec-2015','1-dec-2015',2);
insert into CUST_DETAILS2 values ('109','MG road','Malaysia','9567922684','1610','19-dec-2015','1-dec-2015',2);
insert into CUST_DETAILS2 values ('110','Gandhi','Delhi','9567892498','116','19-dec-2015','1-dec-2015',2);
insert into CUST_DETAILS2 values ('111','Abdul Kalaam','Bangalore','9848074375','1612','19-dec-2015','1-dec-2015',2);
insert into CUST_DETAILS2 values ('112','A road','Hyderabad','8096240044','1153','19-dec-2015','1-dec-2015',2);
insert into CUST_DETAILS2 values ('113','MG road','Malaysia','9567922684','1414','19-dec-2015','1-dec-2015',2);
insert into CUST_DETAILS2 values ('114','Gandhi','Delhi','9567892498','1514','19-dec-2015','1-dec-2015',2);
insert into CUST_DETAILS2 values ('115','Abdul Kalaam','Bangalore','9848074375','1631','19-dec-2015','1-dec-2015',2);
insert into CUST_DETAILS2 values ('116','A road','Hyderabad','8096240044','1712','19-dec-2015','1-dec-2015',2);
insert into CUST_DETAILS2 values ('117','MG road','Malaysia','9567922684','1128','19-dec-2015','1-dec-2015',2);
insert into CUST_DETAILS2 values ('118','Gandhi','Delhi','9567892498','1119','19-dec-2015','1-dec-2015',2);
insert into CUST_DETAILS2 values ('119','Abdul Kalaam','Bangalore','9848074375','2102','19-dec-2015','1-dec-2015',2);
insert into CUST_DETAILS2 values ('121','A road','Hyderabad','8096240044','211','19-dec-2015','1-dec-2015',2);
insert into CUST_DETAILS2 values ('122','MG road','Malaysia','9567922684','221','19-dec-2015','1-dec-2015',2);
insert into CUST_DETAILS2 values ('123','Gandhi','Delhi','9567892498','123','19-dec-2015','1-dec-2015',2);
insert into CUST_DETAILS2 values ('124','Abdul Kalaam','Bangalore','9848074375','241','19-dec-2015','1-dec-2015',2);
insert into CUST_DETAILS2 values ('125','A road','Hyderabad','8096240044','215','19-dec-2015','1-dec-2015',2);
insert into CUST_DETAILS2 values ('126','MG road','Malaysia','9567922684','216','19-dec-2015','1-dec-2015',2);
insert into CUST_DETAILS2 values ('127','Gandhi','Delhi','9567892498','271','19-dec-2015','1-dec-2015',2);
insert into CUST_DETAILS2 values ('128','Abdul Kalaam','Bangalore','9848074375','281','19-dec-2015','1-dec-2015',2);
insert into CUST_DETAILS2 values ('129','A road','Hyderabad','8096240044','291','19-dec-2015','1-dec-2015',2);
insert into CUST_DETAILS2 values ('130','MG road','Malaysia','9567922684','310','19-dec-2015','1-dec-2015',2);
insert into CUST_DETAILS2 values ('131','Gandhi','Delhi','9567892498','311','19-dec-2015','1-dec-2015',2);
insert into CUST_DETAILS2 values ('132','Abdul Kalaam','Bangalore','9848074375','410','19-dec-2015','1-dec-2015',2);
insert into CUST_DETAILS2 values ('133','A road','Hyderabad','8096240044','411','19-dec-2015','1-dec-2015',2);
insert into CUST_DETAILS2 values ('134','MG road','Malaysia','9567922684','412','19-dec-2015','1-dec-2015',2);
insert into CUST_DETAILS2 values ('135','Gandhi','Delhi','9567892498','413','19-dec-2015','1-dec-2015',2);
insert into CUST_DETAILS2 values ('136','Abdul Kalaam','Bangalore','9848074375','441','19-dec-2015','1-dec-2015',2);
insert into CUST_DETAILS2 values ('137','A road','Hyderabad','8096240044','415','19-dec-2015','1-dec-2015',2);
insert into CUST_DETAILS2 values ('138','MG road','Malaysia','9567922684','416','19-dec-2015','1-dec-2015',2);
insert into CUST_DETAILS2 values ('139','Gandhi','Delhi','9567892498','471','19-dec-2015','1-dec-2015',2);
insert into CUST_DETAILS2 values ('140','Abdul Kalaam','Bangalore','9848074375','418','19-dec-2015','1-dec-2015',2);
insert into CUST_DETAILS2 values ('141','A road','Hyderabad','8096240044','419','19-dec-2015','1-dec-2015',2);
insert into CUST_DETAILS2 values ('142','MG road','Malaysia','9567922684','510','19-dec-2015','1-dec-2015',2);
insert into CUST_DETAILS2 values ('143','Gandhi','Delhi','9567892498','511','19-dec-2015','1-dec-2015',2);
insert into CUST_DETAILS2 values ('144','Abdul Kalaam','Bangalore','9848074375','512','19-dec-2015','1-dec-2015',2);
insert into CUST_DETAILS2 values ('120','A road','Hyderabad','8096240044','513','19-dec-2015','1-dec-2015',2);
insert into CUST_DETAILS2 values ('145','MG road','Malaysia','9567922684','514','19-dec-2015','1-dec-2015',2);
insert into CUST_DETAILS2 values ('146','Gandhi','Delhi','9567892498','515','19-dec-2015','1-dec-2015',2);
insert into CUST_DETAILS2 values ('147','Abdul Kalaam','Bangalore','9848074375','561','19-dec-2015','1-dec-2015',2);
insert into CUST_DETAILS2 values ('148','A road','Hyderabad','8096240044','571','19-dec-2015','1-dec-2015',2);
insert into CUST_DETAILS2 values ('149','MG road','Malaysia','9567922684','581','19-dec-2015','1-dec-2015',2);
insert into CUST_DETAILS2 values ('150','Gandhi','Delhi','9567892498','59','19-dec-2015','1-dec-2015',2);
insert into CUST_DETAILS2 values ('151','Abdul Kalaam','Bangalore','9848074375','601','19-dec-2015','1-dec-2015',2);
insert into CUST_DETAILS2 values ('152','A road','Hyderabad','8096240044','611','19-dec-2015','1-dec-2015',2);
insert into CUST_DETAILS2 values ('153','MG road','Malaysia','9567922684','621','19-dec-2015','1-dec-2015',2);
insert into CUST_DETAILS2 values ('154','Gandhi','Delhi','9567892498','641','19-dec-2015','1-dec-2015',2);
insert into CUST_DETAILS2 values ('155','Abdul Kalaam','Bangalore','9848074375','615','19-dec-2015','1-dec-2015',2);
insert into CUST_DETAILS2 values ('156','A road','Hyderabad','8096240044','616','19-dec-2015','1-dec-2015',2);
insert into CUST_DETAILS2 values ('157','MG road','Malaysia','9567922684','617','19-dec-2015','1-dec-2015',2);
insert into CUST_DETAILS2 values ('158','Gandhi','Delhi','9567892498','618','19-dec-2015','1-dec-2015',2);
insert into CUST_DETAILS2 values ('159','Abdul Kalaam','Bangalore','9848074375','619','19-dec-2015','1-dec-2015',2);
insert into CUST_DETAILS2 values ('160','A road','Hyderabad','8096240044','701','19-dec-2015','1-dec-2015',2);
insert into CUST_DETAILS2 values ('161','MG road','Malaysia','9567922684','711','19-dec-2015','1-dec-2015',2);
insert into CUST_DETAILS2 values ('162','Gandhi','Delhi','9567892498','713','19-dec-2015','1-dec-2015',2);
insert into CUST_DETAILS2 values ('167','Abdul Kalaam','Bangalore','9848074375','715','19-dec-2015','1-dec-2015',2);
insert into CUST_DETAILS2 values ('168','A road','Hyderabad','8096240044','716','19-dec-2015','1-dec-2015',2);
insert into CUST_DETAILS2 values ('169','MG road','Malaysia','9567922684','717','19-dec-2015','1-dec-2015',2);
insert into CUST_DETAILS2 values ('170','Gandhi','Delhi','9567892498','78','19-dec-2015','1-dec-2015',2);
insert into CUST_DETAILS2 values ('171','Abdul Kalaam','Bangalore','9848074375','719','19-dec-2015','1-dec-2015',2);
insert into CUST_DETAILS2 values ('172','A road','Hyderabad','8096240044','810','19-dec-2015','1-dec-2015',2);
insert into CUST_DETAILS2 values ('173','MG road','Malaysia','9567922684','811','19-dec-2015','1-dec-2015',2);
insert into CUST_DETAILS2 values ('174','Gandhi','Delhi','9567892498','182','19-dec-2015','1-dec-2015',2);
insert into CUST_DETAILS2 values ('175','Abdul Kalaam','Bangalore','9848074375','813','19-dec-2015','1-dec-2015',2);
insert into CUST_DETAILS2 values ('176','A road','Hyderabad','8096240044','841','19-dec-2015','1-dec-2015',2);
insert into CUST_DETAILS2 values ('177','MG road','Malaysia','9567922684','851','19-dec-2015','1-dec-2015',2);
insert into CUST_DETAILS2 values ('178','Gandhi','Delhi','9567892498','861','19-dec-2015','1-dec-2015',2);
insert into CUST_DETAILS2 values ('179','Abdul Kalaam','Bangalore','9848074375','817','19-dec-2015','1-dec-2015',2);
insert into CUST_DETAILS2 values ('180','A road','Hyderabad','8096240044','188','19-dec-2015','1-dec-2015',2);
insert into CUST_DETAILS2 values ('181','MG road','Malaysia','9567922684','189','19-dec-2015','1-dec-2015',2);
insert into CUST_DETAILS2 values ('182','Gandhi','Delhi','9567892498','90','19-dec-2015','1-dec-2015',2);
insert into CUST_DETAILS2 values ('183','Abdul Kalaam','Bangalore','9848074375','1100','19-dec-2015','1-dec-2015',2);
insert into CUST_DETAILS2 values ('184','A road','Hyderabad','8096240044','1011','19-dec-2015','1-dec-2015',2);
insert into CUST_DETAILS2 values ('185','MG road','Malaysia','9567922684','1021','19-dec-2015','1-dec-2015',2);
insert into CUST_DETAILS2 values ('186','Gandhi','Delhi','9567892498','103','19-dec-2015','1-dec-2015',2);
insert into CUST_DETAILS2 values ('187','Abdul Kalaam','Bangalore','9848074375','1041','19-dec-2015','1-dec-2015',2);
insert into CUST_DETAILS2 values ('188','A road','Hyderabad','8096240044','1051','19-dec-2015','1-dec-2015',2);
insert into CUST_DETAILS2 values ('189','MG road','Malaysia','9567922684','1061','19-dec-2015','1-dec-2015',2);
insert into CUST_DETAILS2 values ('190','Gandhi','Delhi','9567892498','1071','19-dec-2015','1-dec-2015',2);
insert into CUST_DETAILS2 values ('191','Abdul Kalaam','Bangalore','9848074375','1081','19-dec-2015','1-dec-2015',2);
insert into CUST_DETAILS2 values ('192','Abdul Kalaam','Bangalore','9848074375','190','19-dec-2015','1-dec-2015',2);
insert into CUST_DETAILS2 values ('193','A road','Hyderabad','8096240044','711','19-dec-2015','1-dec-2015',2);
insert into CUST_DETAILS2 values ('194','MG road','Malaysia','9567922684','5021','19-dec-2015','1-dec-2015',2);
insert into CUST_DETAILS2 values ('195','Gandhi','Delhi','9567892498','3403','19-dec-2015','1-dec-2015',2);
insert into CUST_DETAILS2 values ('196','Abdul Kalaam','Bangalore','9848074375','1341','19-dec-2015','1-dec-2015',2);
insert into CUST_DETAILS2 values ('197','A road','Hyderabad','8096240044','1981','19-dec-2015','1-dec-2015',2);
insert into CUST_DETAILS2 values ('198','MG road','Malaysia','9567922684','321','19-dec-2015','1-dec-2015',2);
insert into CUST_DETAILS2 values ('199','Gandhi','Delhi','9567892498','123','19-dec-2015','1-dec-2015',2);
insert into CUST_DETAILS2 values ('200','Abdul Kalaam','Bangalore','9848074375','124','19-dec-2015','1-dec-2015',2);

insert into SERVICE_CUST5 values ('S400','01');
insert into SERVICE_CUST5 values ('S401','02');
insert into SERVICE_CUST5 values ('S402','03');
insert into SERVICE_CUST5 values ('S403','04');
insert into SERVICE_CUST5 values ('S404','05');
insert into SERVICE_CUST5 values ('S405','06');
insert into SERVICE_CUST5 values ('S406','07');
insert into SERVICE_CUST5 values ('S407','08');
insert into SERVICE_CUST5 values ('S408','09');
insert into SERVICE_CUST5 values ('S409','10');
insert into SERVICE_CUST5 values ('S410','11');
insert into SERVICE_CUST5 values ('S411','12');
insert into SERVICE_CUST5 values ('S412','13');
insert into SERVICE_CUST5 values ('S413','13');
insert into SERVICE_CUST5 values ('S414','14');
insert into SERVICE_CUST5 values ('S415','15');
insert into SERVICE_CUST5 values ('S416','16');
insert into SERVICE_CUST5 values ('S417','17');
insert into SERVICE_CUST5 values ('S418','18');
insert into SERVICE_CUST5 values ('S419','19');
insert into SERVICE_CUST5 values ('S420','20');
insert into SERVICE_CUST5 values ('S421','21');
insert into SERVICE_CUST5 values ('S422','22');
insert into SERVICE_CUST5 values ('S423','23');
insert into SERVICE_CUST5 values ('S424','24');
insert into SERVICE_CUST5 values ('S425','25');
insert into SERVICE_CUST5 values ('S426','26');
insert into SERVICE_CUST5 values ('S427','27');
insert into SERVICE_CUST5 values ('S428','28');
insert into SERVICE_CUST5 values ('S429','29');
insert into SERVICE_CUST5 values ('S430','30');
insert into SERVICE_CUST5 values ('S431','31');
insert into SERVICE_CUST5 values ('S432','32');
insert into SERVICE_CUST5 values ('S433','33');
insert into SERVICE_CUST5 values ('S434','34');
insert into SERVICE_CUST5 values ('S435','35');
insert into SERVICE_CUST5 values ('S436','36');
insert into SERVICE_CUST5 values ('S437','37');
insert into SERVICE_CUST5 values ('S438','38');
insert into SERVICE_CUST5 values ('S439','39');
insert into SERVICE_CUST5 values ('S440','40');
insert into SERVICE_CUST5 values ('S441','41');
insert into SERVICE_CUST5 values ('S442','42');
insert into SERVICE_CUST5 values ('S443','43');
insert into SERVICE_CUST5 values ('S444','44');
insert into SERVICE_CUST5 values ('S445','45');
insert into SERVICE_CUST5 values ('S446','46');
insert into SERVICE_CUST5 values ('S447','47');
insert into SERVICE_CUST5 values ('S448','48');
insert into SERVICE_CUST5 values ('S449','49');
insert into SERVICE_CUST5 values ('S450','50');
insert into SERVICE_CUST5 values ('S451','51');
insert into SERVICE_CUST5 values ('S452','52');
insert into SERVICE_CUST5 values ('S453','53');
insert into SERVICE_CUST5 values ('S455','55');
insert into SERVICE_CUST5 values ('S456','56');
insert into SERVICE_CUST5 values ('S457','57');
insert into SERVICE_CUST5 values ('S458','58');
insert into SERVICE_CUST5 values ('S459','59');
insert into SERVICE_CUST5 values ('S460','60');
insert into SERVICE_CUST5 values ('S461','61');
insert into SERVICE_CUST5 values ('S462','62');
insert into SERVICE_CUST5 values ('S467','67');
insert into SERVICE_CUST5 values ('S468','68');
insert into SERVICE_CUST5 values ('S469','69');
insert into SERVICE_CUST5 values ('S470','70');
insert into SERVICE_CUST5 values ('S471','71');
insert into SERVICE_CUST5 values ('S472','72');
insert into SERVICE_CUST5 values ('S473','73');
insert into SERVICE_CUST5 values ('S474','74');
insert into SERVICE_CUST5 values ('S475','75');
insert into SERVICE_CUST5 values ('S476','76');
insert into SERVICE_CUST5 values ('S477','77');
insert into SERVICE_CUST5 values ('S478','78');
insert into SERVICE_CUST5 values ('S479','79');
insert into SERVICE_CUST5 values ('S480','80');

 select * from EMPLOYEE_DETAILS2;
 select * from SERVICE_MANAGEMNT5;
 select * from CUST_DETAILS2;
 select * from SERVICE_CUST5;
 